bioguide_id,birthday,chamber,contact_form,crp_id,district,facebook_id,fax,fec_ids,first_name,gender,govtrack_id,icpsr_id,in_office,last_name,leadership_role,lis_id,middle_name,name_suffix,nickname,oc_email,ocd_id,office,other_names,party,phone,senate_class,state,state_name,state_rank,term_end,term_start,thomas_id,title,twitter_id,votesmart_id,website,youtube_id,ntweets,nfollowers,twitter_screen_name
0,T000476,1960-08-30,senate,,N00035492,,1576257352609470,,[S4NC00162],Thom,M,412668,,True,Tillis,,S384,,,,Sen.Tillis@opencongress.org,ocd-division/country:us/state:nc,G55 Dirksen Senate Office Building,,R,202-224-6342,2,NC,North Carolina,junior,2021-01-03,2015-01-06,02291,Sen,senthomtillis,,http://www.tillis.senate.gov,,98,2700,SenThomTillis
1,S001197,1972-02-22,senate,,N00035544,,,,[S4NE00090],Benjamin,M,412671,,True,Sasse,,S382,Eric,,,Sen.Sasse@opencongress.org,ocd-division/country:us/state:ne,B40e Dirksen Senate Office Building,,R,202-224-4224,2,NE,Nebraska,junior,2021-01-03,2015-01-06,02289,Sen,SenSasse,,http://www.sasse.senate.gov,,42,2053,SenSasse
2,R000605,1954-10-24,senate,,N00035187,,,,[S4SD00049],Mike,M,412669,,True,Rounds,,S381,,,,Sen.Rounds@opencongress.org,ocd-division/country:us/state:sd,4 Russell Senate Courtyard,,R,202-224-5842,2,SD,South Dakota,junior,2021-01-03,2015-01-06,02288,Sen,SenatorRounds,,http://www.rounds.senate.gov,,108,1500,SenatorRounds
3,S001198,1964-11-13,senate,,N00035774,,,,[S4AK00214],Dan,M,412665,,True,Sullivan,,S383,,,,Sen.Sullivan@opencongress.org,ocd-division/country:us/state:ak,B40a Dirksen Senate Office Building,,R,202-224-3004,2,AK,Alaska,junior,2021-01-03,2015-01-06,02290,Sen,SenDanSullivan,,http://www.sullivan.senate.gov,,126,880,SenDanSullivan
4,P000612,1949-12-10,senate,,N00035516,,,,[S4GA11285],David,M,412666,,True,Perdue,,S379,,,,Sen.Perdue@opencongress.org,ocd-division/country:us/state:ga,B40d Dirksen Senate Office Building,,R,202-224-3521,2,GA,Georgia,junior,2021-01-03,2015-01-06,02286,Sen,sendavidperdue,,http://www.perdue.senate.gov,,175,1903,sendavidperdue
5,E000295,1970-07-01,senate,,N00035483,,351671691660938,,[S4IA00129],Joni,F,412667,,True,Ernst,,S376,,,,Sen.Ernst@opencongress.org,ocd-division/country:us/state:ia,825 B&c Hart Senate Office Building,,R,202-224-3254,2,IA,Iowa,junior,2021-01-03,2015-01-06,02283,Sen,SenJoniErnst,,http://www.ernst.senate.gov,,90,4780,SenJoniErnst
6,S001194,1972-10-20,senate,http://www.schatz.senate.gov/contact,N00028138,,357806137657533,202-228-1153,"[S4HI00136, H6HI02244]",Brian,M,412507,41112.0,True,Schatz,,S353,Emanuel,,,Sen.Schatz@opencongress.org,ocd-division/country:us/state:hi,722 Hart Senate Office Building,,D,202-224-3934,3,HI,Hawaii,senior,2017-01-03,2015-01-06,02173,Sen,SenBrianSchatz,17852.0,http://www.schatz.senate.gov,senbrianschatz,211,4177,SenBrianSchatz
7,H001046,1971-10-17,senate,http://www.heinrich.senate.gov/contact/write-martin,N00029835,,137523189213,202-225-4975,"[H8NM01224, S2NM00088]",Martin,M,412281,20930.0,True,Heinrich,,S359,,,,Sen.Heinrich@opencongress.org,ocd-division/country:us/state:nm,702 Hart Senate Office Building,,D,202-224-5521,1,NM,New Mexico,junior,2019-01-03,2013-01-03,01937,Sen,MartinHeinrich,74517.0,http://www.heinrich.senate.gov,SenMartinHeinrich,1200,6484,MartinHeinrich
8,R000584,1943-05-03,senate,http://www.risch.senate.gov/public/index.cfm?p=Email,N00029441,,,202-224-2573,[S8ID00092],James,M,412322,40902.0,True,Risch,,S323,,,,Sen.Risch@opencongress.org,ocd-division/country:us/state:id,483 Russell Senate Office Building,,R,202-224-2752,2,ID,Idaho,junior,2021-01-03,2015-01-06,01896,Sen,SenatorRisch,2919.0,http://www.risch.senate.gov,SenatorJamesRisch,346,8245,SenatorRisch
9,B001230,1962-02-11,senate,http://www.baldwin.senate.gov/contact,N00004367,,7357041101,202-225-6942,"[H8WI00018, S2WI00219]",Tammy,F,400013,29940.0,True,Baldwin,,S354,,,,Sen.Baldwin@opencongress.org,ocd-division/country:us/state:wi,717 Hart,,D,202-224-5653,1,WI,Wisconsin,junior,2019-01-03,2013-01-03,01558,Sen,SenatorBaldwin,3470.0,http://www.baldwin.senate.gov,witammybaldwin,3223,13288,SenatorBaldwin
10,C001098,1970-12-22,senate,http://www.cruz.senate.gov/?p=email_senator,N00033085,,315496455229328,202-228-3398,[S2TX00312],Ted,M,412573,41304.0,True,Cruz,,S355,,,,Sen.Cruz@opencongress.org,ocd-division/country:us/state:tx,185 Dirksen Senate Office Building,,R,202-224-5922,1,TX,Texas,junior,2019-01-03,2013-01-03,02175,Sen,SenTedCruz,135705.0,http://www.cruz.senate.gov,sentedcruz,3198,409860,SenTedCruz
11,F000463,1951-03-01,senate,http://www.fischer.senate.gov/public/?p=email-deb,N00033443,,531623656856934,202-228-1325,[S2NE00094],Deb,F,412556,41302.0,True,Fischer,,S357,,,,Sen.Fischer@opencongress.org,ocd-division/country:us/state:ne,383 Russell Senate Office Building,,R,202-224-6551,1,NE,Nebraska,senior,2019-01-03,2013-01-03,02179,Sen,SenatorFischer,41963.0,http://www.fischer.senate.gov,senatordebfischer,399,9837,SenatorFischer
12,K000383,1944-03-31,senate,http://www.king.senate.gov/contact,N00034580,,142803045874943,202-224-1946,[S2ME00109],Angus,M,412545,41300.0,True,King,,S363,,,,Sen.King@opencongress.org,ocd-division/country:us/state:me,359 Dirksen Senate Office Building,,I,202-224-5344,1,ME,Maine,junior,2019-01-03,2013-01-03,02185,Sen,SenAngusKing,22381.0,http://www.king.senate.gov,SenatorAngusKing,998,10352,SenAngusKing
13,H001069,1955-10-30,senate,http://www.heitkamp.senate.gov/public/index.cfm/email-heidi,N00033782,,501810613175643,202-224-7776,[S2ND00099],Heidi,F,412554,41303.0,True,Heitkamp,,S360,,,,Sen.Heitkamp@opencongress.org,ocd-division/country:us/state:nd,502 Hart Senate Office Building,,D,202-224-2043,1,ND,North Dakota,junior,2019-01-03,2013-01-03,02174,Sen,SenatorHeitkamp,41716.0,http://www.heitkamp.senate.gov,senatorheidiheitkamp,1399,11650,SenatorHeitkamp
14,W000817,1949-06-22,senate,http://www.warren.senate.gov/?p=email_senator#thisForm,N00033492,,131559043673264,,[S2MA00170],Elizabeth,F,412542,41301.0,True,Warren,,S366,,,,Sen.Warren@opencongress.org,ocd-division/country:us/state:ma,317 Hart Senate Office Building,,D,202-224-4543,1,MA,Massachusetts,senior,2019-01-03,2013-01-03,02182,Sen,SenWarren,141272.0,http://www.warren.senate.gov,senelizabethwarren,199,164172,SenWarren
15,C001095,1977-05-13,senate,,N00033363,,120355701459307,,[H2AR04083],Tom,M,412508,21301.0,True,Cotton,,S374,,,,Sen.Cotton@opencongress.org,ocd-division/country:us/state:ar,B33 Russell Senate Office Building,,R,202-224-2353,2,AR,Arkansas,junior,2021-01-03,2015-01-06,02098,Sen,SenTomCotton,135651.0,http://www.cotton.senate.gov,RepTomCotton,1923,14300,SenTomCotton
16,C000880,1951-05-20,senate,http://www.crapo.senate.gov/contact/email.cfm,N00006267,,80335332266,202-228-1375,"[S8ID00027, H2ID02034]",Michael,M,300030,29345.0,True,Crapo,,S266,D.,,,Sen.Crapo@opencongress.org,ocd-division/country:us/state:id,239 Dirksen Senate Office Building,,R,202-224-6142,3,ID,Idaho,senior,2017-01-03,2011-01-05,00250,Sen,MikeCrapo,26830.0,http://www.crapo.senate.gov,senatorcrapo,2999,10884,MikeCrapo
17,C000567,1937-12-07,senate,http://www.cochran.senate.gov/public/index.cfm/email-me,N00003328,,,202-224-9450,[S8MS00055],Thad,M,300023,14009.0,True,Cochran,,S136,,,,Sen.Cochran@opencongress.org,ocd-division/country:us/state:ms,113 Dirksen Senate Office Building,,R,202-224-5054,2,MS,Mississippi,senior,2021-01-03,2015-01-06,00213,Sen,SenThadCochran,53312.0,http://www.cochran.senate.gov,sencochran,1045,14172,SenThadCochran
18,T000464,1956-08-21,senate,http://www.tester.senate.gov/?p=email_senator,N00027605,,210573031664,202-224-8594,[S6MT00162],Jon,M,412244,40702.0,True,Tester,,S314,,,,Sen.Tester@opencongress.org,ocd-division/country:us/state:mt,706 Hart Senate Office Building,,D,202-224-2644,1,MT,Montana,senior,2019-01-03,2013-01-03,01829,Sen,SenatorTester,20928.0,http://www.tester.senate.gov,senatorjontester,647,2948,SenatorTester
19,R000122,1949-11-12,senate,http://www.reed.senate.gov/contact/,N00000362,,213866375370646,202-224-4680,"[S6RI00163, H0RI02071]",John,M,300081,29142.0,True,Reed,,S259,F.,,Jack,Sen.Reed@opencongress.org,ocd-division/country:us/state:ri,728 Hart Senate Office Building,,D,202-224-4642,2,RI,Rhode Island,senior,2021-01-03,2015-01-06,00949,Sen,SenJackReed,27060.0,http://www.reed.senate.gov,SenatorReed,598,13161,SenJackReed
20,F000062,1933-06-22,senate,https://www.feinstein.senate.gov/public/index.cfm/e-mail-me,N00007364,,334887279867783,202-228-3954,[S0CA00199],Dianne,F,300043,49300.0,True,Feinstein,,S221,,,,Sen.Feinstein@opencongress.org,ocd-division/country:us/state:ca,331 Hart Senate Office Building,,D,202-224-3841,1,CA,California,senior,2019-01-03,2013-01-03,01332,Sen,SenFeinstein,53273.0,http://www.feinstein.senate.gov,SenatorFeinstein,1199,51009,SenFeinstein
21,C001088,1963-09-09,senate,http://www.coons.senate.gov/contact/,N00031820,,254950754518205,,[S0DE00092],Chris,M,412390,40916.0,True,Coons,,S337,Andrew,,,Sen.Coons@opencongress.org,ocd-division/country:us/state:de,127a Russell Senate Office Building,,D,202-224-5042,2,DE,Delaware,junior,2021-01-03,2015-01-06,01984,Sen,SenCoonsOffice,122834.0,http://www.coons.senate.gov,senatorchriscoons,797,3325,SenCoonsOffice
22,H001061,1957-03-13,senate,http://www.hoeven.senate.gov/public/index.cfm/email-the-senator,N00031688,,194483057244478,202-224-7999,[S0ND00093],John,M,412494,41107.0,True,Hoeven,,S344,,,,Sen.Hoeven@opencongress.org,ocd-division/country:us/state:nd,338 Russell Senate Office Building,,R,202-224-2551,3,ND,North Dakota,senior,2017-01-03,2011-01-05,02079,Sen,SenJohnHoeven,41788.0,http://www.hoeven.senate.gov,senatorjohnhoevennd,908,11121,SenJohnHoeven
23,M000355,1942-02-20,senate,http://www.mcconnell.senate.gov/public/index.cfm?p=ContactForm,N00003389,,mitchmcconnell,202-224-2499,[S2KY00012],Mitch,M,300072,14921.0,True,McConnell,Majority Leader,S174,,,,Sen.Mcconnell@opencongress.org,ocd-division/country:us/state:ky,317 Russell Senate Office Building,,R,202-224-2541,2,KY,Kentucky,senior,2021-01-03,2015-01-06,01395,Sen,McConnellPress,53298.0,http://www.mcconnell.senate.gov,,799,50318,McConnellPress
24,T000250,1961-01-07,senate,http://www.thune.senate.gov/public/index.cfm/contact,N00004572,,,202-228-5429,"[S2SD00068, H6SD00085]",John,M,400546,29754.0,True,Thune,,S303,,,,Sen.Thune@opencongress.org,ocd-division/country:us/state:sd,511 Dirksen Senate Office Building,,R,202-224-2321,3,SD,South Dakota,senior,2017-01-03,2011-01-05,01534,Sen,SenJohnThune,398.0,http://www.thune.senate.gov,johnthune,199,32984,SenJohnThune
25,M001111,1950-10-11,senate,http://www.murray.senate.gov/public/index.cfm/contactme,N00007876,,,202-224-0238,[S2WA00189],Patty,F,300076,49308.0,True,Murray,,S229,,,,Sen.Murray@opencongress.org,ocd-division/country:us/state:wa,154 Russell Senate Office Building,,D,202-224-2621,3,WA,Washington,senior,2017-01-03,2011-01-05,01409,Sen,PattyMurray,53358.0,http://www.murray.senate.gov,SenatorPattyMurray,799,32151,PattyMurray
26,E000285,1944-02-01,senate,http://www.enzi.senate.gov/public/index.cfm/contact?p=e-mail-senator-enzi,N00006249,,23068049436,202-228-0359,[S6WY00126],Michael,M,300041,49706.0,True,Enzi,,S254,B.,,,Sen.Enzi@opencongress.org,ocd-division/country:us/state:wy,379a Russell Senate Office Building,,R,202-224-3424,2,WY,Wyoming,senior,2021-01-03,2015-01-06,01542,Sen,SenatorEnzi,558.0,http://www.enzi.senate.gov,senatorenzi,1536,11293,SenatorEnzi
27,B001277,1946-02-13,senate,https://www.blumenthal.senate.gov/contact/,N00031685,,289987304364966,202-224-9673,[S0CT00177],Richard,M,412490,41101.0,True,Blumenthal,,S341,,,,Sen.Blumenthal@opencongress.org,ocd-division/country:us/state:ct,724 Hart Senate Office Building,,D,202-224-2823,3,CT,Connecticut,senior,2017-01-03,2011-01-05,02076,Sen,SenBlumenthal,1568.0,http://www.blumenthal.senate.gov,SenatorBlumenthal,999,23767,SenBlumenthal
28,H001041,1960-05-10,senate,http://www.heller.senate.gov/public/index.cfm/contact-form,N00027522,,325751330177,202-228-6753,"[H6NV02164, S2NV00183]",Dean,M,412218,20730.0,True,Heller,,S352,,,,Sen.Heller@opencongress.org,ocd-division/country:us/state:nv,324 Hart Senate Office Building,,R,202-224-6244,1,NV,Nevada,junior,2019-01-03,2013-01-03,01863,Sen,SenDeanHeller,2291.0,http://www.heller.senate.gov,SenDeanHeller,1798,15374,SenDeanHeller
29,W000437,1951-07-05,senate,http://www.wicker.senate.gov/public/index.cfm/contact,N00003280,,SenatorWicker,202-228-0378,"[H4MS01078, S8MS00196]",Roger,M,400432,29534.0,True,Wicker,,S318,F.,,,Sen.Wicker@opencongress.org,ocd-division/country:us/state:ms,555 Dirksen Senate Office Building,,R,202-224-6253,1,MS,Mississippi,junior,2019-01-03,2013-01-03,01226,Sen,SenatorWicker,21926.0,http://www.wicker.senate.gov,SenatorWicker,1770,15346,SenatorWicker
30,H000338,1934-03-22,senate,http://www.hatch.senate.gov/public/index.cfm/contact?p=Email-Orrin,N00009869,,,202-224-6331,"[S6UT00063, P00003806]",Orrin,M,300052,14503.0,True,Hatch,,S118,G.,,,Sen.Hatch@opencongress.org,ocd-division/country:us/state:ut,104 Hart Senate Office Building,,R,202-224-5251,1,UT,Utah,senior,2019-01-03,2013-01-03,01351,Sen,SenOrrinHatch,53352.0,http://www.hatch.senate.gov,SenatorOrrinHatch,2199,12604,SenOrrinHatch
31,W000779,1949-05-03,senate,http://www.wyden.senate.gov/contact,N00007724,,,202-228-2717,"[S6OR00110, H0OR03026]",Ron,M,300100,14871.0,True,Wyden,,S247,,,,Sen.Wyden@opencongress.org,ocd-division/country:us/state:or,221 Dirksen Senate Office Building,,D,202-224-5244,3,OR,Oregon,senior,2017-01-03,2011-01-05,01247,Sen,RonWyden,27036.0,http://www.wyden.senate.gov,senronwyden,1199,34263,RonWyden
32,C000174,1947-01-23,senate,http://www.carper.senate.gov/public/index.cfm/email-senator-carper,N00012508,,124891107521733,202-228-2190,[S8DE00079],Thomas,M,300019,15015.0,True,Carper,,S277,Richard,,,Sen.Carper@opencongress.org,ocd-division/country:us/state:de,513 Hart Senate Office Building,,D,202-224-2441,1,DE,Delaware,senior,2019-01-03,2013-01-03,00179,Sen,SenatorCarper,22421.0,http://www.carper.senate.gov,senatorcarper,1599,14248,SenatorCarper
33,D000563,1944-11-21,senate,http://www.durbin.senate.gov/public/index.cfm/contact,N00004981,,180436795325335,202-228-0400,"[S6IL00151, H2IL20026]",Richard,M,300038,15021.0,True,Durbin,Minority Whip,S253,J.,,,Sen.Durbin@opencongress.org,ocd-division/country:us/state:il,711 Hart Senate Office Building,,D,202-224-2152,2,IL,Illinois,senior,2021-01-03,2015-01-06,00326,Sen,SenatorDurbin,26847.0,http://www.durbin.senate.gov,SenatorDurbin,2199,52973,SenatorDurbin
34,L000174,1940-03-31,senate,https://www.leahy.senate.gov/contact/,N00009918,,178569152181267,202-224-3479,[S4VT00017],Patrick,M,300065,14307.0,True,Leahy,,S057,J.,,,Sen.Leahy@opencongress.org,ocd-division/country:us/state:vt,437 Russell Senate Office Building,,D,202-224-4242,3,VT,Vermont,senior,2017-01-03,2011-01-05,01383,Sen,SenatorLeahy,53353.0,http://www.leahy.senate.gov,SenatorPatrickLeahy,599,27387,SenatorLeahy
35,W000802,1955-10-20,senate,http://www.whitehouse.senate.gov/contact,N00027533,,194172833926853,202-228-6362,[S6RI00221],Sheldon,M,412247,40704.0,True,Whitehouse,,S316,,,,Sen.Whitehouse@opencongress.org,ocd-division/country:us/state:ri,530 Hart Senate Office Building,,D,202-224-2921,1,RI,Rhode Island,junior,2019-01-03,2013-01-03,01823,Sen,SenWhitehouse,2572.0,http://www.whitehouse.senate.gov,SenatorWhitehouse,1397,21106,SenWhitehouse
36,P000595,1958-12-01,senate,,N00029277,,88851604323,,[H8MI09068],Gary,M,412305,20923.0,True,Peters,,S380,C.,,,Sen.Peters@opencongress.org,ocd-division/country:us/state:mi,2 Russell Senate Courtyard,,D,202-224-6221,2,MI,Michigan,junior,2021-01-03,2015-01-06,01929,Sen,RepGaryPeters,8749.0,http://www.peters.senate.gov,RepGaryPeters,597,7889,SenGaryPeters
37,G000562,1974-08-22,senate,,N00030780,,160924893954206,,[H0CO04122],Cory,M,412406,21112.0,True,Gardner,,S377,,,,Sen.Gardner@opencongress.org,ocd-division/country:us/state:co,B40b Dirksen Senate Office Building,,R,202-224-5941,2,CO,Colorado,junior,2021-01-03,2015-01-06,01998,Sen,SenCoryGardner,30004.0,http://www.gardner.senate.gov,,1829,9955,SenCoryGardner
38,M001183,1947-08-24,senate,http://www.manchin.senate.gov/public/index.cfm/contact-form,N00032838,,10150135395755161,202-228-0002,[S0WV00090],Joe,M,412391,40915.0,True,Manchin,,S338,,III,,Sen.Manchin@opencongress.org,ocd-division/country:us/state:wv,306 Hart Senate Office Building,,D,202-224-3954,1,WV,West Virginia,senior,2019-01-03,2013-01-03,01983,Sen,Sen_JoeManchin,7547.0,http://www.manchin.senate.gov,SenatorJoeManchin,399,28218,Sen_JoeManchin
39,J000293,1955-04-08,senate,http://www.ronjohnson.senate.gov/public/index.cfm/contact,N00032546,,186181661410703,920-230-7262,[S0WI00197],Ron,M,412496,41111.0,True,Johnson,,S345,,,,Sen.Ronjohnson@opencongress.org,ocd-division/country:us/state:wi,328 Hart Senate Office Building,,R,202-224-5323,3,WI,Wisconsin,senior,2017-01-03,2011-01-05,02086,Sen,SenRonJohnson,126217.0,http://www.ronjohnson.senate.gov,SenatorRonJohnson,599,26771,SenRonJohnson
40,R000595,1971-05-28,senate,http://www.rubio.senate.gov/public/index.cfm/contact,N00030612,,178910518800987,202-228-0285,[S0FL00338],Marco,M,412491,41102.0,True,Rubio,,S350,,,,Sen.Rubio@opencongress.org,ocd-division/country:us/state:fl,284 Russell Senate Office Building,,R,202-224-3041,3,FL,Florida,junior,2017-01-03,2011-01-05,02084,Sen,SenRubioPress,1601.0,http://www.rubio.senate.gov,SenatorMarcoRubio,1871,17445,SenRubioPress
41,A000368,1968-06-27,senate,http://www.ayotte.senate.gov/?p=contact,N00030980,,123436097729198,202-224-4952,[S0NH00235],Kelly,F,412493,41106.0,True,Ayotte,,S340,,,,Sen.Ayotte@opencongress.org,ocd-division/country:us/state:nh,144 Russell Senate Office Building,,R,202-224-3324,3,NH,New Hampshire,junior,2017-01-03,2011-01-05,02075,Sen,,42352.0,http://www.ayotte.senate.gov,SenatorAyotte,3232,36364,KellyAyotte
42,L000575,1968-03-04,senate,,N00031129,,130873066975024,,[H0OK05114],James,M,412464,21166.0,True,Lankford,,S378,,,,Sen.Lankford@opencongress.org,ocd-division/country:us/state:ok,B40c Dirksen Senate Office Building,,R,202-224-5754,3,OK,Oklahoma,junior,2017-01-03,2015-01-06,02050,Sen,RepLankford,124938.0,http://www.lankford.senate.gov,replankford,796,12482,SenatorLankford
43,B001267,1964-11-28,senate,http://www.bennet.senate.gov/contact/email,N00030608,,97172997732,202-228-5036,[S0CO00211],Michael,M,412330,40910.0,True,Bennet,,S330,F.,,,Sen.Bennet@opencongress.org,ocd-division/country:us/state:co,458 Russell Senate Office Building,,D,202-224-5852,3,CO,Colorado,senior,2017-01-03,2011-01-05,01965,Sen,SenBennetCo,110942.0,http://www.bennet.senate.gov,SenatorBennet,199,20790,SenBennetCO
44,T000461,1961-11-17,senate,http://www.toomey.senate.gov/?p=contact,N00001489,,189274047751251,202-228-0284,"[S4PA00121, H8PA15096]",Patrick,M,400408,29935.0,True,Toomey,,S351,J.,,Pat,Sen.Toomey@opencongress.org,ocd-division/country:us/state:pa,248 Russell Senate Office Building,,R,202-224-4254,3,PA,Pennsylvania,junior,2017-01-03,2011-01-05,02085,Sen,SenToomey,24096.0,http://www.toomey.senate.gov,sentoomey,1998,33381,SenToomey
45,S001184,1965-09-19,senate,http://www.scott.senate.gov/contact/email-me,N00031782,,163207553711385,202-225-3407,"[H0SC01279, S4SC00240]",Tim,M,412471,21173.0,True,Scott,,S365,,,,Sen.Scott@opencongress.org,ocd-division/country:us/state:sc,167 Russell Senate Office Building,,R,202-224-6121,3,SC,South Carolina,junior,2017-01-03,2015-01-06,02056,Sen,SenatorTimScott,11940.0,http://www.scott.senate.gov,SenatorTimScott,799,84631,SenatorTimScott
46,P000603,1963-01-07,senate,http://www.paul.senate.gov/?p=contact,N00030836,,161355253917286,202-228-1373,[S0KY00156],Rand,M,412492,41104.0,True,Paul,,S348,,,,Sen.Paul@opencongress.org,ocd-division/country:us/state:ky,124 Russell Senate Office Building,,R,202-224-4343,3,KY,Kentucky,junior,2017-01-03,2011-01-05,02082,Sen,SenRandPaul,117285.0,http://www.paul.senate.gov,SenatorRandPaul,2199,548559,SenRandPaul
47,D000607,1955-09-28,senate,http://www.donnelly.senate.gov/contact/email-joe,N00026586,,168059529893610,202-225-6798,"[H4IN02101, S2IN00091]",Joe,M,412205,20717.0,True,Donnelly,,S356,,,,Sen.Donnelly@opencongress.org,ocd-division/country:us/state:in,720 Hart Senate Office Building,,D,202-224-4814,1,IN,Indiana,junior,2019-01-03,2013-01-03,01850,Sen,SenDonnelly,34212.0,http://www.donnelly.senate.gov,sendonnelly,1399,14876,SenDonnelly
48,C000542,1943-05-16,senate,http://www.coats.senate.gov/contact/,N00003845,,180671148633644,202-228-1820,[S0IN00053],Daniel,M,402675,14806.0,True,Coats,,S212,Ray,,,Sen.Coats@opencongress.org,ocd-division/country:us/state:in,493 Russell Senate Office Building,,R,202-224-5623,3,IN,Indiana,senior,2017-01-03,2011-01-05,00209,Sen,SenDanCoats,53291.0,http://www.coats.senate.gov,SenatorCoats,3070,19692,SenDanCoats
49,K000360,1959-09-15,senate,http://www.kirk.senate.gov/?p=comment_on_legislation,N00012539,,116381528428230,202-228-4611,"[H0IL10120, S0IL00261]",Mark,M,400222,20115.0,True,Kirk,,S339,Steven,,,Sen.Kirk@opencongress.org,ocd-division/country:us/state:il,524 Hart Senate Office Building,,R,202-224-2854,3,IL,Illinois,junior,2017-01-03,2011-01-05,01647,Sen,SenatorKirk,33502.0,http://www.kirk.senate.gov,SenatorKirk,599,33030,SenatorKirk
50,B001261,1952-07-21,senate,http://www.barrasso.senate.gov/public/index.cfm?FuseAction=ContactUs.ContactForm,N00006236,,21146775942,202-224-1724,[S6WY00068],John,M,412251,40707.0,True,Barrasso,,S317,A.,,,Sen.Barrasso@opencongress.org,ocd-division/country:us/state:wy,307 Dirksen Senate Office Building,,R,202-224-6441,1,WY,Wyoming,junior,2019-01-03,2013-01-03,01881,Sen,SenJohnBarrasso,52662.0,http://www.barrasso.senate.gov,barrassowyo,1799,19020,SenJohnBarrasso
51,C001047,1953-11-26,senate,,N00009771,,8057864757,,"[H0WV02138, S4WV00159]",Shelley,F,400061,20146.0,True,Capito,,S372,Moore,,,Sen.Capito@opencongress.org,ocd-division/country:us/state:wv,5 Russell Senate Courtyard,,R,202-224-6472,2,WV,West Virginia,junior,2021-01-03,2015-01-06,01676,Sen,RepShelley,11701.0,http://www.capito.senate.gov,RepShelleyCapito,399,11825,SenCapito
52,K000384,1958-02-26,senate,http://www.kaine.senate.gov/contact,N00033177,,482778861771212,202-228-6363,[S2VA00142],Timothy,M,412582,41305.0,True,Kaine,,S362,,,,Sen.Kaine@opencongress.org,ocd-division/country:us/state:va,388 Russell Senate Office Building,,D,202-224-4024,1,VA,Virginia,junior,2019-01-03,2013-01-03,02176,Sen,SenKaineOffice,50772.0,http://www.kaine.senate.gov,SenatorTimKaine,2799,36862,timkaine
53,F000457,1951-05-21,senate,http://www.franken.senate.gov/?p=email_al,N00029016,,,,[S8MN00438],Alan,M,412378,40904.0,True,Franken,,S332,Stuart,,Al,Sen.Franken@opencongress.org,ocd-division/country:us/state:mn,309 Hart Senate Office Building,,D,202-224-5641,2,MN,Minnesota,junior,2021-01-03,2015-01-06,01969,Sen,,108924.0,http://www.franken.senate.gov,SenatorFranken,438,502,FrankenCommTeam
54,C001070,1960-04-13,senate,http://www.casey.senate.gov/contact/,N00027503,,107749545944874,202-228-0604,[S6PA00217],Robert,M,412246,40703.0,True,Casey,,S309,P.,Jr.,Bob,Sen.Casey@opencongress.org,ocd-division/country:us/state:pa,393 Russell Senate Office Building,,D,202-224-6324,1,PA,Pennsylvania,senior,2019-01-03,2013-01-03,01828,Sen,SenBobCasey,2541.0,http://www.casey.senate.gov,SenatorBobCasey,1199,23107,SenBobCasey
55,M001169,1973-08-03,senate,http://www.murphy.senate.gov/contact,N00027566,,19437978960,202-225-5933,"[H6CT05124, S2CT00132]",Christopher,M,412194,20707.0,True,Murphy,,S364,S.,,,Sen.Murphy@opencongress.org,ocd-division/country:us/state:ct,303 Hart Senate Office Building,,D,202-224-4041,1,CT,Connecticut,junior,2019-01-03,2013-01-03,01837,Sen,ChrisMurphyCT,17189.0,http://www.murphy.senate.gov,senchrismurphy,999,25970,ChrisMurphyCT
56,M000702,1936-07-20,senate,http://www.mikulski.senate.gov/contact/shareyouropinion.cfm,N00001945,,142890125771427,202-224-8858,[S6MD00140],Barbara,F,300073,14440.0,True,Mikulski,,S182,A.,,,Sen.Mikulski@opencongress.org,ocd-division/country:us/state:md,503 Hart Senate Office Building,,D,202-224-4654,3,MD,Maryland,senior,2017-01-03,2011-01-05,00802,Sen,SenatorBarb,53304.0,http://www.mikulski.senate.gov,senatormikulski,3199,34979,SenatorBarb
57,C000127,1958-10-13,senate,http://www.cantwell.senate.gov/public/index.cfm/email-maria,N00007836,,,202-228-0514,"[S8WA00194, H2WA01054]",Maria,F,300018,39310.0,True,Cantwell,,S275,,,,Sen.Cantwell@opencongress.org,ocd-division/country:us/state:wa,311 Hart Senate Office Building,,D,202-224-3441,1,WA,Washington,junior,2019-01-03,2013-01-03,00172,Sen,CantwellPress,27122.0,http://www.cantwell.senate.gov,SenatorCantwell,199,13056,SenatorCantwell
58,S001181,1947-01-28,senate,http://www.shaheen.senate.gov/contact/,N00024790,,127503767282103,202-228-3194,[S0NH00219],Jeanne,F,412323,40906.0,True,Shaheen,,S324,,,,Sen.Shaheen@opencongress.org,ocd-division/country:us/state:nh,520 Hart Senate Office Building,,D,202-224-2841,2,NH,New Hampshire,senior,2021-01-03,2015-01-06,01901,Sen,SenatorShaheen,1663.0,http://www.shaheen.senate.gov,senatorshaheen,599,21228,SenatorShaheen
59,C000141,1943-10-05,senate,http://www.cardin.senate.gov/contact/,N00001955,,120421834675191,202-224-1651,"[H6MD03177, S6MD03177]",Benjamin,M,400064,15408.0,True,Cardin,,S308,L.,,,Sen.Cardin@opencongress.org,ocd-division/country:us/state:md,509 Hart Senate Office Building,,D,202-224-4524,1,MD,Maryland,junior,2019-01-03,2013-01-03,00174,Sen,SenatorCardin,26888.0,http://www.cardin.senate.gov,senatorcardin,1399,27561,SenatorCardin
60,H001042,1947-11-03,senate,http://www.hirono.senate.gov/contact/email,N00028139,,,202-225-4987,"[H6HI02251, S2HI00106]",Mazie,F,412200,20713.0,True,Hirono,,S361,K.,,,Sen.Hirono@opencongress.org,ocd-division/country:us/state:hi,330 Hart Senate Office Building,,D,202-224-6361,1,HI,Hawaii,junior,2019-01-03,2013-01-03,01844,Sen,MazieHirono,1677.0,http://www.hirono.senate.gov,CongresswomanHirono,398,13555,maziehirono
61,L000577,1971-06-04,senate,http://www.lee.senate.gov/public/index.cfm/contact,N00031696,,178081365556898,,[S0UT00165],Mike,M,412495,41110.0,True,Lee,,S346,,,,Sen.Lee@opencongress.org,ocd-division/country:us/state:ut,316 Hart Senate Office Building,,R,202-224-5444,3,UT,Utah,junior,2017-01-03,2011-01-05,02080,Sen,SenMikeLee,66395.0,http://www.lee.senate.gov,senatormikelee,1599,164613,SenMikeLee
62,I000055,1944-12-28,senate,http://www.isakson.senate.gov/public/index.cfm/email-me,N00002593,,,202-228-0724,"[S6GA00119, H8GA06146]",John,M,400194,29909.0,True,Isakson,,S305,H.,,Johnny,Sen.Isakson@opencongress.org,ocd-division/country:us/state:ga,131 Russell Senate Office Building,,R,202-224-3643,3,GA,Georgia,senior,2017-01-03,2011-01-05,01608,Sen,SenatorIsakson,1721.0,http://www.isakson.senate.gov,SenatorIsakson,1055,18861,SenatorIsakson
63,A000360,1940-07-03,senate,http://www.alexander.senate.gov/public/index.cfm?p=Email,N00009888,,89927603836,202-228-3398,"[S2TN00058, P60003225]",Lamar,M,300002,40304.0,True,Alexander,,S289,,,,Sen.Alexander@opencongress.org,ocd-division/country:us/state:tn,455 Dirksen Senate Office Building,,R,202-224-4944,2,TN,Tennessee,senior,2021-01-03,2015-01-06,01695,Sen,SenAlexander,15691.0,http://www.alexander.senate.gov,lamaralexander,1499,26965,SenAlexander
64,S000770,1950-04-29,senate,http://www.stabenow.senate.gov/?p=contact,N00004118,,,202-228-0325,"[S8MI00281, H6MI08163]",Debbie,F,300093,29732.0,True,Stabenow,,S284,Ann,,,Sen.Stabenow@opencongress.org,ocd-division/country:us/state:mi,133 Hart Senate Office Building,,D,202-224-4822,1,MI,Michigan,senior,2019-01-03,2013-01-03,01531,Sen,SenStabenow,515.0,http://www.stabenow.senate.gov,senatorstabenow,399,19514,SenStabenow
65,R000307,1936-04-20,senate,http://www.roberts.senate.gov/public/index.cfm?p=EmailPat,N00005285,,205694792808927,202-224-3514,"[S6KS00080, H0KS01016]",Pat,M,300083,14852.0,True,Roberts,,S260,,,,Sen.Roberts@opencongress.org,ocd-division/country:us/state:ks,109 Hart Senate Office Building,,R,202-224-4774,2,KS,Kansas,senior,2021-01-03,2015-01-06,00968,Sen,SenPatRoberts,26866.0,http://www.roberts.senate.gov,SenPatRoberts,799,15551,SenPatRoberts
66,C001071,1952-08-24,senate,http://www.corker.senate.gov/public/index.cfm?p=ContactMe,N00027441,,109251415789533,202-228-0566,"[S6TN00216, S4TN00187]",Bob,M,412248,40705.0,True,Corker,,S310,,,,Sen.Corker@opencongress.org,ocd-division/country:us/state:tn,425 Dirksen Senate Office Building,,R,202-224-3344,1,TN,Tennessee,junior,2019-01-03,2013-01-03,01825,Sen,SenBobCorker,65905.0,http://www.corker.senate.gov,senatorcorker,1199,36934,SenBobCorker
67,G000555,1966-12-09,senate,http://www.gillibrand.senate.gov/contact/,N00027658,,,202-225-1168,"[H6NY20167, S0NY00410]",Kirsten,F,412223,20735.0,True,Gillibrand,,S331,E.,,,Sen.Gillibrand@opencongress.org,ocd-division/country:us/state:ny,478 Russell Senate Office Building,,D,202-224-4451,1,NY,New York,junior,2019-01-03,2013-01-03,01866,Sen,,65147.0,http://www.gillibrand.senate.gov,KirstenEGillibrand,799,132802,SenGillibrand
68,U000039,1948-05-18,senate,http://www.tomudall.senate.gov/?p=contact,N00006561,,106433512869,,"[H8NM03097, S8NM00184]",Tom,M,400413,29924.0,True,Udall,,S326,S.,,,Sen.Tomudall@opencongress.org,ocd-division/country:us/state:nm,110 Hart Senate Office Building,,D,202-224-6621,2,NM,New Mexico,senior,2021-01-03,2015-01-06,01567,Sen,SenatorTomUdall,22658.0,http://www.tomudall.senate.gov,senatortomudall,1199,18276,SenatorTomUdall
69,M001170,1953-07-24,senate,http://www.mccaskill.senate.gov/?p=contact,N00027694,,131498087618,202-228-6326,"[S6MO00305, P80005721]",Claire,F,412243,40701.0,True,McCaskill,,S312,,,,Sen.Mccaskill@opencongress.org,ocd-division/country:us/state:mo,506 Hart Senate Office Building,,D,202-224-6154,1,MO,Missouri,senior,2019-01-03,2013-01-03,01820,Sen,McCaskillOffice,2109.0,http://www.mccaskill.senate.gov,SenatorMcCaskill,599,6269,McCaskillOffice
70,C001075,1957-09-28,senate,,N00030245,,,,[H8LA00017],Bill,M,412269,20919.0,True,Cassidy,,S373,,,,Sen.Cassidy@opencongress.org,ocd-division/country:us/state:la,B85 Russell Senate Office Building,,R,202-224-5824,2,LA,Louisiana,junior,2021-01-03,2015-01-06,01925,Sen,,69494.0,http://www.cassidy.senate.gov,RepBillCassidy,198,11941,BillCassidy
71,S001141,1946-12-24,senate,http://www.sessions.senate.gov/public/index.cfm/contact-jeff,N00003062,,23444159584,202-224-3149,[S6AL00195],Jefferson,M,300088,49700.0,True,Sessions,,S261,B.,,Jeff,Sen.Sessions@opencongress.org,ocd-division/country:us/state:al,326 Russell Senate Office Building,,R,202-224-4124,2,AL,Alabama,junior,2021-01-03,2015-01-06,01548,Sen,SenatorSessions,443.0,http://www.sessions.senate.gov,SenatorSessions,1651,38198,SenatorSessions
72,B000944,1952-11-09,senate,http://www.brown.senate.gov/contact,N00003535,,,202-228-6321,"[H2OH13033, S6OH00163]",Sherrod,M,400050,29389.0,True,Brown,,S307,,,,Sen.Brown@opencongress.org,ocd-division/country:us/state:oh,713 Hart Senate Office Building,,D,202-224-2315,1,OH,Ohio,senior,2019-01-03,2013-01-03,00136,Sen,SenSherrodBrown,27018.0,http://www.brown.senate.gov,SherrodBrownOhio,1552,44919,SenSherrodBrown
73,K000367,1960-05-25,senate,http://www.klobuchar.senate.gov/public/email-amy,N00027500,,,202-228-2186,[S6MN00267],Amy,F,412242,40700.0,True,Klobuchar,,S311,Jean,,,Sen.Klobuchar@opencongress.org,ocd-division/country:us/state:mn,302 Hart Senate Office Building,,D,202-224-3244,1,MN,Minnesota,senior,2019-01-03,2013-01-03,01826,Sen,,65092.0,http://www.klobuchar.senate.gov,senatorklobuchar,799,46897,amyklobuchar
74,S000033,1941-09-08,senate,http://www.sanders.senate.gov/contact/comment,N00000528,,9124187907,202-228-0776,"[H8VT01016, S4VT00033]",Bernard,M,400357,29147.0,True,Sanders,,S313,,,Bernie,Sen.Sanders@opencongress.org,ocd-division/country:us/state:vt,332 Dirksen Senate Office Building,,I,202-224-5141,1,VT,Vermont,junior,2019-01-03,2013-01-03,01010,Sen,SenSanders,27110.0,http://www.sanders.senate.gov,senatorsanders,2399,272348,SenSanders
75,M001176,1956-10-24,senate,http://www.merkley.senate.gov/contact/,N00029303,,74374931545,202-228-3997,[S8OR00207],Jeff,M,412325,40908.0,True,Merkley,,S322,,,,Sen.Merkley@opencongress.org,ocd-division/country:us/state:or,313 Hart Senate Office Building,,D,202-224-3753,2,OR,Oregon,junior,2021-01-03,2015-01-06,01900,Sen,SenJeffMerkley,23644.0,http://www.merkley.senate.gov,SenatorJeffMerkley,399,32447,SenJeffMerkley
76,M000133,1946-07-11,senate,http://www.markey.senate.gov/contact,N00000270,,6846731378,,"[H6MA07101, S4MA00028]",Edward,M,400253,14435.0,True,Markey,,S369,J.,,Ed,Sen.Markey@opencongress.org,ocd-division/country:us/state:ma,218 Russell Senate Office Building,,D,202-224-2742,2,MA,Massachusetts,junior,2021-01-03,2015-01-06,00735,Sen,MarkeyMemo,26900.0,http://www.markey.senate.gov,RepMarkey,799,23734,SenMarkey
77,B000575,1950-01-10,senate,http://www.blunt.senate.gov/public/index.cfm/contact-form?p=contact-roy,N00005195,,142473042477322,202-224-8149,"[H6MO07128, S0MO00183]",Roy,M,400034,29735.0,True,Blunt,,S342,,,,Sen.Blunt@opencongress.org,ocd-division/country:us/state:mo,260 Russell Senate Office Building,,R,202-224-5721,3,MO,Missouri,junior,2017-01-03,2011-01-05,01464,Sen,RoyBlunt,418.0,http://www.blunt.senate.gov,SenatorBlunt,2999,34667,RoyBlunt
78,B001135,1955-11-30,senate,http://www.burr.senate.gov/public/index.cfm?FuseAction=Contact.ContactForm,N00002221,,132653626787856,202-228-2981,"[S4NC00089, H2NC05074]",Richard,M,400054,29548.0,True,Burr,,S300,M.,,,Sen.Burr@opencongress.org,ocd-division/country:us/state:nc,217 Russell Senate Office Building,,R,202-224-3154,3,NC,North Carolina,senior,2017-01-03,2011-01-05,00153,Sen,SenatorBurr,21787.0,http://www.burr.senate.gov,SenatorRichardBurr,998,30638,SenatorBurr
79,S000320,1934-05-06,senate,http://www.shelby.senate.gov/public/index.cfm/emailsenatorshelby,N00009920,,50850514797,202-224-3416,[S6AL00013],Richard,M,300089,14659.0,True,Shelby,,S184,C.,,,Sen.Shelby@opencongress.org,ocd-division/country:us/state:al,304 Russell Senate Office Building,,R,202-224-5744,3,AL,Alabama,senior,2017-01-03,2011-01-05,01049,Sen,SenShelby,53266.0,http://www.shelby.senate.gov,SenatorRichardShelby,398,17588,SenShelby
80,N000032,1942-09-29,senate,http://www.billnelson.senate.gov/contact-bill,N00009926,,,202-228-2183,[S8FL00166],Bill,M,300078,14651.0,True,Nelson,,S282,,,,Sen.Billnelson@opencongress.org,ocd-division/country:us/state:fl,716 Hart Senate Office Building,,D,202-224-5274,1,FL,Florida,senior,2019-01-03,2013-01-03,00859,Sen,SenBillNelson,1606.0,http://www.billnelson.senate.gov,senbillnelson,526,39478,SenBillNelson
81,I000024,1934-11-17,senate,http://www.inhofe.senate.gov/contact,N00005582,,55018309421,202-228-0380,"[S4OK00083, H6OK01102]",James,M,300055,15424.0,True,Inhofe,,S236,M.,,Jim,Sen.Inhofe@opencongress.org,ocd-division/country:us/state:ok,205 Russell Senate Office Building,,R,202-224-4721,2,OK,Oklahoma,senior,2021-01-03,2015-01-06,00583,Sen,InhofePress,27027.0,http://www.inhofe.senate.gov,jiminhofepressoffice,599,10982,InhofePress
82,C001035,1952-12-07,senate,http://www.collins.senate.gov/public/index.cfm/email,N00000491,,7593313361,202-224-2693,[S6ME00159],Susan,F,300025,49703.0,True,Collins,,S252,M.,,,Sen.Collins@opencongress.org,ocd-division/country:us/state:me,413 Dirksen Senate Office Building,,R,202-224-2523,2,ME,Maine,senior,2021-01-03,2015-01-06,01541,Sen,SenatorCollins,379.0,http://www.collins.senate.gov,SenatorSusanCollins,199,34599,SenatorCollins
83,M000303,1936-08-29,senate,http://www.mccain.senate.gov/public/index.cfm/contact-form,N00006424,,6425923706,202-228-2862,"[S6AZ00019, P80002801]",John,M,300071,15039.0,True,McCain,,S197,S.,,,Sen.Mccain@opencongress.org,ocd-division/country:us/state:az,241 Russell Senate Office Building,,R,202-224-2235,3,AZ,Arizona,senior,2017-01-03,2011-01-05,00754,Sen,SenJohnMcCain,53270.0,http://www.mccain.senate.gov,SenatorJohnMcCain,3243,1949708,SenJohnMcCain
84,V000127,1961-05-03,senate,http://www.vitter.senate.gov/contact/email-senator-vitter,N00009659,,,202-228-5061,"[S4LA00057, H0LA01079]",David,M,400418,29918.0,True,Vitter,,S299,,,,Sen.Vitter@opencongress.org,ocd-division/country:us/state:la,516 Hart Senate Office Building,,R,202-224-4623,3,LA,Louisiana,senior,2017-01-03,2011-01-05,01609,Sen,,4615.0,http://www.vitter.senate.gov,SenatorVitter,1799,29983,DavidVitter
85,P000449,1955-12-19,senate,https://www.portman.senate.gov/public/index.cfm/contact-form,N00003682,,45243961073,,"[S0OH00133, H4OH02032]",Robert,M,400325,29386.0,True,Portman,,S349,J.,,Rob,Sen.Portman@opencongress.org,ocd-division/country:us/state:oh,448 Russell Senate Office Building,,R,202-224-3353,3,OH,Ohio,junior,2017-01-03,2011-01-05,00924,Sen,SenRobPortman,27008.0,http://www.portman.senate.gov,SenRobPortman,1199,43799,senrobportman
86,M000639,1954-01-01,senate,http://www.menendez.senate.gov/contact,N00000699,,349744811357,202-228-2197,"[H2NJ13075, S6NJ00289]",Robert,M,400272,29373.0,True,Men√©ndez,,S306,,,Bob,Sen.Menendez@opencongress.org,ocd-division/country:us/state:nj,528 Hart Senate Office Building,[{u'last': u'Menendez'}],D,202-224-4744,1,NJ,New Jersey,senior,2019-01-03,2013-01-03,00791,Sen,SenatorMenendez,26961.0,http://menendez.senate.gov,SenatorMenendezNJ,397,47727,SenatorMenendez
87,M000934,1954-05-29,senate,http://www.moran.senate.gov/public/index.cfm/e-mail-jerry,N00005282,,171578807105,202-228-6966,"[H6KS01096, S0KS00091]",Jerry,M,400284,29722.0,True,Moran,,S347,,,,Sen.Moran@opencongress.org,ocd-division/country:us/state:ks,361a Russell Senate Office Building,,R,202-224-6521,3,KS,Kansas,junior,2017-01-03,2011-01-05,01507,Sen,JerryMoran,542.0,http://www.moran.senate.gov,senatorjerrymoran,1999,18152,JerryMoran
88,M001153,1957-05-22,senate,http://www.murkowski.senate.gov/public/index.cfm?p=EMailLisa,N00026050,,25271170290,202-224-5301,[S4AK00099],Lisa,F,300075,40300.0,True,Murkowski,,S288,A.,,,Sen.Murkowski@opencongress.org,ocd-division/country:us/state:ak,709 Hart Senate Office Building,,R,202-224-6665,3,AK,Alaska,senior,2017-01-03,2011-01-05,01694,Sen,LisaMurkowski,15841.0,http://www.murkowski.senate.gov,senatormurkowski,799,28899,lisamurkowski
89,S000148,1950-11-23,senate,http://www.schumer.senate.gov/Contact/contact_chuck.cfm,N00001093,,15771239406,202-228-3027,"[S8NY00082, H0NY16010]",Charles,M,300087,14858.0,True,Schumer,,S270,E.,,Chuck,Sen.Schumer@opencongress.org,ocd-division/country:us/state:ny,322 Hart Senate Office Building,,D,202-224-6542,3,NY,New York,senior,2017-01-03,2011-01-05,01036,Sen,SenSchumer,26976.0,http://www.schumer.senate.gov,SenatorSchumer,399,102228,SenSchumer
90,R000146,1939-12-02,senate,http://www.reid.senate.gov/contact,N00009922,,360249323990357,202-224-7327,[S6NV00028],Harry,M,300082,15054.0,True,Reid,Minority Leader,S198,M.,,,Sen.Reid@opencongress.org,ocd-division/country:us/state:nv,522 Hart Senate Office Building,,D,202-224-3542,3,NV,Nevada,senior,2017-01-03,2011-01-05,00952,Sen,SenatorReid,53320.0,http://www.reid.senate.gov,SenatorReid,2598,254096,SenatorReid
91,F000444,1962-12-31,senate,http://www.flake.senate.gov/contact.cfm,N00009573,,senatorjeffflake,202-226-4386,"[H0AZ01184, S2AZ00141]",Jeff,M,400134,20100.0,True,Flake,,S358,,,,Sen.Flake@opencongress.org,ocd-division/country:us/state:az,368 Russell Senate Office Building,,R,202-224-4521,1,AZ,Arizona,junior,2019-01-03,2013-01-03,01633,Sen,JeffFlake,28128.0,http://www.flake.senate.gov,flakeoffice,799,25474,JeffFlake
92,B001288,1969-04-27,senate,http://www.booker.senate.gov/?p=contact,N00035267,,,202-224-8378,[S4NJ00185],Cory,M,412598,,True,Booker,,S370,Anthony,,,Sen.Booker@opencongress.org,ocd-division/country:us/state:nj,141 Hart Senate Office Building,,D,202-224-3224,2,NJ,New Jersey,junior,2021-01-03,2015-01-06,02194,Sen,SenBookerOfc,76151.0,http://www.booker.senate.gov,SenCoryBooker,2398,1531595,CoryBooker
93,B000711,1940-11-11,senate,https://www.boxer.senate.gov/contact/shareyourviews.html,N00006692,,116513005087055,202-224-0454,"[S2CA00286, H2CA06028, P80003247]",Barbara,F,300011,15011.0,True,Boxer,,S223,,,,Sen.Boxer@opencongress.org,ocd-division/country:us/state:ca,112 Hart Senate Office Building,,D,202-224-3553,3,CA,California,junior,2017-01-03,2011-01-05,00116,Sen,SenatorBoxer,53274.0,http://www.boxer.senate.gov,SenatorBoxer,399,56763,SenatorBoxer
94,G000359,1955-07-09,senate,http://www.lgraham.senate.gov/public/index.cfm?FuseAction=Contact.EmailSenatorGraham,N00009975,,257937783228,202-224-3808,"[S0SC00149, H4SC03087]",Lindsey,M,300047,29566.0,True,Graham,,S293,O.,,,Sen.Lgraham@opencongress.org,ocd-division/country:us/state:sc,290 Russell Senate Office Building,,R,202-224-5972,2,SC,South Carolina,senior,2021-01-03,2015-01-06,00452,Sen,GrahamBlog,21992.0,http://www.lgraham.senate.gov,USSenLindseyGraham,3231,68955,GrahamBlog
95,C001056,1952-02-02,senate,http://www.cornyn.senate.gov/public/index.cfm?p=ContactForm,N00024852,,75755694423,202-228-2856,[S2TX00106],John,M,300027,40305.0,True,Cornyn,Majority Whip,S287,,,,Sen.Cornyn@opencongress.org,ocd-division/country:us/state:tx,517 Hart Senate Office Building,,R,202-224-2934,2,TX,Texas,senior,2021-01-03,2015-01-06,01692,Sen,JohnCornyn,15375.0,http://www.cornyn.senate.gov,senjohncornyn,2798,65109,JohnCornyn
96,D000618,1962-08-20,senate,,N00033054,,185361254941832,202-228-1236,"[H2MT01060, S2MT00096]",Steve,M,412549,21338.0,True,Daines,,S375,,,,Sen.Daines@opencongress.org,ocd-division/country:us/state:mt,1 Russell Senate Courtyard,,R,202-224-2651,2,MT,Montana,junior,2021-01-03,2015-01-06,02138,Sen,SteveDaines,135720.0,http://www.daines.senate.gov,SteveDainesMT,1203,4456,SteveDaines
97,G000386,1933-09-17,senate,http://www.grassley.senate.gov/constituents/questions-and-comments,N00001758,,106480645796,202-224-6020,[S0IA00028],Charles,M,300048,14226.0,True,Grassley,,S153,E.,,Chuck,Sen.Grassley@opencongress.org,ocd-division/country:us/state:ia,135 Hart Senate Office Building,,R,202-224-3744,3,IA,Iowa,senior,2017-01-03,2011-01-05,00457,Sen,ChuckGrassley,53293.0,http://www.grassley.senate.gov,senchuckgrassley,3222,84097,ChuckGrassley
98,W000805,1954-12-15,senate,http://www.warner.senate.gov/public//index.cfm?p=ContactPage#form_f9db6196-2dc7-4cda-8add-f8435a71318a,N00002097,,7935122852,202-224-6295,"[S6VA00093, P80003023]",Mark,M,412321,40909.0,True,Warner,,S327,,,,Sen.Warner@opencongress.org,ocd-division/country:us/state:va,475 Russell Senate Office Building,,D,202-224-2023,2,VA,Virginia,senior,2021-01-03,2015-01-06,01897,Sen,MarkWarner,535.0,http://www.warner.senate.gov,SenatorMarkWarner,198,51370,MarkWarner
99,B001236,1950-12-10,senate,http://www.boozman.senate.gov/public/index.cfm/e-mail-me,N00013873,,7686715735,202-228-1371,"[H2AR03176, S0AR00150]",John,M,400040,20101.0,True,Boozman,,S343,,,,Sen.Boozman@opencongress.org,ocd-division/country:us/state:ar,320 Hart Senate Office Building,,R,202-224-4843,3,AR,Arkansas,senior,2017-01-03,2011-01-05,01687,Sen,JohnBoozman,27958.0,http://www.boozman.senate.gov,BoozmanPressOffice,1612,22199,JohnBoozman
